{
    "comment": "Please don't change this file and copy it as params.json. There you can enter your values. But please keep it locally and in .gitignore and never commit it to avoid compromising your private keys",
    "binance": {
      "apikey": "iSMxccMDonvz7gpxpYxlDpuYWK1AqcxxwxdA51Ng4CVCRUo5AqAd4F8wgr2SVNlM",
      "secret": "MVUeU5ZxfUlF5TxHxQ46O2FnAp0W9t34PkdI4SnHynXe3lIcSMJfjzG5QGQsBe1q",
      "testorders": false
    },
    "bitmex": {
      "apikey": "your api key",
      "secret": "your api secret",
      "testorders": true
    }
  }